BEGIN;

-- Run this after supabase_schema.sql.
TRUNCATE TABLE post_tags, chat_messages, answers, votes, reports, posts, pdf_files, notifications, chat_sessions, tags, users, alembic_version RESTART IDENTITY CASCADE;


INSERT INTO users (id, nama_lengkap, username, email, jenis_kelamin, password_hash, role, google_id, created_at, is_active, avatar_url) VALUES
(2, 'Budi Santoso', 'budi_s', 'budi@gmail.com', 'L', '$2b$12$LQv3c1yqBWVHxkd0LHAkCOYz6TiGKFkNvxPjZKFw7H5kDjlE4rS9K', 'user', NULL, '2026-01-31 21:58:49', TRUE, NULL),
(3, 'Sari Dewi', 'sari_dewi', 'sari@gmail.com', 'P', '$2b$12$LQv3c1yqBWVHxkd0LHAkCOYz6TiGKFkNvxPjZKFw7H5kDjlE4rS9K', 'user', NULL, '2026-02-05 21:58:49', TRUE, NULL),
(4, 'Ahmad Fauzi', 'ahmad_f', 'ahmad@yahoo.com', 'L', '$2b$12$LQv3c1yqBWVHxkd0LHAkCOYz6TiGKFkNvxPjZKFw7H5kDjlE4rS9K', 'user', NULL, '2026-02-10 21:58:49', TRUE, NULL),
(5, 'Rina Marlina', 'rina_m', 'rina@gmail.com', 'P', '$2b$12$LQv3c1yqBWVHxkd0LHAkCOYz6TiGKFkNvxPjZKFw7H5kDjlE4rS9K', 'user', NULL, '2026-02-15 21:58:49', TRUE, NULL),
(6, 'Deni Kurniawan', 'deni_k', 'deni@outlook.com', 'L', '$2b$12$LQv3c1yqBWVHxkd0LHAkCOYz6TiGKFkNvxPjZKFw7H5kDjlE4rS9K', 'user', NULL, '2026-02-20 21:58:49', TRUE, NULL),
(7, 'Maya Putri', 'maya_p', 'maya@gmail.com', 'P', '$2b$12$LQv3c1yqBWVHxkd0LHAkCOYz6TiGKFkNvxPjZKFw7H5kDjlE4rS9K', 'user', NULL, '2026-02-25 21:58:49', TRUE, NULL),
(8, 'Hendra Wijaya', 'hendra_w', 'hendra@gmail.com', 'L', '$2b$12$LQv3c1yqBWVHxkd0LHAkCOYz6TiGKFkNvxPjZKFw7H5kDjlE4rS9K', 'user', NULL, '2026-03-02 21:58:49', TRUE, NULL),
(9, 'Lestari Ningrum', 'lestari_n', 'lestari@gmail.com', 'P', '$2b$12$LQv3c1yqBWVHxkd0LHAkCOYz6TiGKFkNvxPjZKFw7H5kDjlE4rS9K', 'user', NULL, '2026-03-07 21:58:49', TRUE, NULL),
(10, 'Rizky Pratama', 'rizky_p', 'rizky@gmail.com', 'L', '$2b$12$LQv3c1yqBWVHxkd0LHAkCOYz6TiGKFkNvxPjZKFw7H5kDjlE4rS9K', 'user', NULL, '2026-03-12 21:58:49', TRUE, NULL),
(11, 'Admin', 'admin', 'admin@bps.go.id', NULL, '$2b$12$sKI4RwjaNuINBSrRFKNNkeAz9t8T4e5buCsnz4PoQ7x1nHhN.3KM2', 'admin', NULL, '2026-03-18 17:32:42', TRUE, NULL);
INSERT INTO tags (id, name) VALUES
(11, 'data-bps'),
(4, 'ekonomi'),
(12, 'indeks'),
(5, 'inflasi'),
(6, 'kemiskinan'),
(8, 'kesehatan'),
(10, 'lampung'),
(14, 'pdrb'),
(7, 'pendidikan'),
(3, 'penduduk'),
(9, 'pertanian'),
(2, 'sensus'),
(1, 'statistik'),
(13, 'survei'),
(15, 'tenaga-kerja');
INSERT INTO chat_sessions (id, user_id, title, created_at) VALUES
(1, 2, 'Pertanyaan tentang data penduduk Lampung', '2026-02-25 21:58:49'),
(2, 2, 'Cara download data BPS', '2026-03-07 21:58:49'),
(3, 3, 'Penjelasan tentang inflasi', '2026-03-02 21:58:49'),
(4, 4, 'Data kemiskinan Lampung', '2026-03-09 21:58:49'),
(5, 5, 'Tentang PDRB Lampung', '2026-03-12 21:58:49'),
-- Data dummy tambahan
(6, 6, 'Indeks Pembangunan Manusia Lampung', '2026-03-14 08:00:00'),
(7, 7, 'PDRB Harga Konstan dan Pertumbuhan Ekonomi', '2026-03-15 09:00:00'),
(8, 8, 'Perbedaan Susenas dan Sakernas', '2026-03-16 10:00:00'),
(9, 9, 'Data Kemiskinan Per Kecamatan', '2026-03-17 11:00:00'),
(10, 10, 'Tentang Nilai Tukar Petani', '2026-03-18 13:00:00');
INSERT INTO notifications (id, user_id, type, message, is_read, created_at, ref_id) VALUES
(1, 2, 'new_answer', 'admin menjawab pertanyaan Anda: Bagaimana cara membaca tabel statistik BPS', TRUE, '2026-02-16 21:58:49', 1),
(2, 2, 'new_answer', 'sari_dewi menjawab pertanyaan Anda: Bagaimana cara membaca tabel statistik BPS', TRUE, '2026-02-17 21:58:49', 1),
(3, 3, 'new_answer', 'budi_s menjawab pertanyaan Anda: Apa perbedaan Sensus Penduduk dan SUPAS', TRUE, '2026-02-18 21:58:49', 2),
(4, 4, 'new_answer', 'admin menjawab pertanyaan Anda: Berapa jumlah penduduk Provinsi Lampung', TRUE, '2026-02-21 21:58:49', 3),
(5, 4, 'new_answer', 'ahmad_f menjawab pertanyaan Anda: Berapa jumlah penduduk Provinsi Lampung', FALSE, '2026-02-22 21:58:49', 3),
(6, 5, 'new_answer', 'budi_s menjawab pertanyaan Anda: Apa yang dimaksud dengan PDRB', FALSE, '2026-02-23 21:58:49', 4),
(7, 6, 'new_answer', 'admin menjawab pertanyaan Anda: Bagaimana cara mengunduh data mikro dari BPS', FALSE, '2026-02-25 21:58:49', 5),
(8, 2, 'new_answer', 'maya_p menjawab pertanyaan Anda: Bagaimana tren angka pengangguran di Lampung', FALSE, '2026-03-07 21:58:49', 10),
-- Data dummy tambahan
(9, 8, 'new_answer', 'admin menjawab pertanyaan Anda: Apakah data BPS bisa digunakan untuk penelitian akademik', FALSE, '2026-03-03 09:00:00', 8),
(10, 5, 'new_answer', 'deni_k menjawab pertanyaan Anda: Bagaimana cara mengunduh data mikro dari BPS', FALSE, '2026-03-03 10:00:00', 5),
(11, 4, 'new_answer', 'admin menjawab pertanyaan Anda: Bagaimana cara akses data Sakernas', FALSE, '2026-03-11 10:00:00', 12),
(12, 6, 'new_answer', 'lestari_n menjawab pertanyaan Anda: Bagaimana cara membandingkan data statistik antar provinsi', FALSE, '2026-03-15 10:00:00', 14),
(13, 7, 'new_answer', 'ahmad_f menjawab pertanyaan Anda: Apa itu Nilai Tukar Petani', FALSE, '2026-03-17 16:00:00', 15),
(14, 3, 'new_answer', 'admin menjawab pertanyaan Anda: Apa itu Indeks Pembangunan Manusia', FALSE, '2026-03-09 10:00:00', 11),
(15, 9, 'new_answer', 'rizky_p menjawab pertanyaan Anda: Apa perbedaan antara angka absolut dan relatif', FALSE, '2026-03-05 11:00:00', 9),
(16, 5, 'new_answer', 'hendra_w menjawab pertanyaan Anda: Apa perbedaan antara data primer dan data sekunder', FALSE, '2026-03-13 09:30:00', 13);
INSERT INTO pdf_files (id, filename, original_name, uploaded_at, uploaded_by) VALUES
(1, 'lampung-dalam-angka-2024_a1b2c3.pdf', 'Lampung Dalam Angka 2024.pdf', '2026-02-01 08:00:00', 11),
(2, 'statistik-ketenagakerjaan-lampung-2023_d4e5f6.pdf', 'Statistik Ketenagakerjaan Lampung 2023.pdf', '2026-02-05 09:00:00', 11),
(3, 'indikator-kesejahteraan-rakyat-lampung-2023_g7h8i9.pdf', 'Indikator Kesejahteraan Rakyat Lampung 2023.pdf', '2026-02-10 10:00:00', 11),
(4, 'pdrb-lampung-menurut-lapangan-usaha-2023_j1k2l3.pdf', 'PDRB Lampung Menurut Lapangan Usaha 2023.pdf', '2026-02-15 11:00:00', 11),
(5, 'profil-kemiskinan-lampung-2023_m4n5o6.pdf', 'Profil Kemiskinan Lampung 2023.pdf', '2026-02-20 08:30:00', 11),
(6, 'statistik-pendidikan-lampung-2023_p7q8r9.pdf', 'Statistik Pendidikan Lampung 2023.pdf', '2026-02-25 09:30:00', 11),
(7, 'lampung-dalam-angka-2023_s1t2u3.pdf', 'Lampung Dalam Angka 2023.pdf', '2026-03-01 08:00:00', 11),
(8, 'ipm-lampung-2023_v4w5x6.pdf', 'Indeks Pembangunan Manusia Lampung 2023.pdf', '2026-03-05 10:00:00', 11),
(9, 'statistik-pertanian-lampung-2023_y7z8a1.pdf', 'Statistik Pertanian Lampung 2023.pdf', '2026-03-10 11:00:00', 11),
(10, 'ekspor-impor-lampung-2023_b2c3d4.pdf', 'Statistik Ekspor Impor Lampung 2023.pdf', '2026-03-15 09:00:00', 11);
INSERT INTO posts (id, user_id, judul, deskripsi, file_path, created_at, updated_at, is_hidden) VALUES
(1, 2, 'Bagaimana cara membaca tabel statistik BPS Provinsi Lampung?', 'Saya baru pertama kali mengakses data dari website BPS Lampung. Ada banyak tabel dengan angka-angka yang saya kurang pahami. Apakah ada panduan cara membaca dan menginterpretasikan tabel statistik tersebut? Khususnya tabel yang berisi data penduduk per kabupaten.', NULL, '2026-02-15 21:58:49', '2026-02-15 21:58:49', FALSE),
(2, 3, 'Apa perbedaan antara Sensus Penduduk dan Survei Penduduk Antar Sensus (SUPAS)?', 'Saya sering mendengar dua istilah ini dalam konteks data kependudukan Indonesia. Bisa dijelaskan apa perbedaan mendasarnya? Kapan masing-masing dilaksanakan dan apa tujuan utamanya?', NULL, '2026-02-17 21:58:49', '2026-02-17 21:58:49', FALSE),
(3, 4, 'Berapa jumlah penduduk Provinsi Lampung berdasarkan data terbaru BPS?', 'Saya membutuhkan data jumlah penduduk Provinsi Lampung terbaru untuk keperluan penelitian skripsi. Mohon informasinya beserta sumber dan tahun datanya. Apakah bisa dirinci per kabupaten/kota?', NULL, '2026-02-20 21:58:49', '2026-02-20 21:58:49', FALSE),
(4, 5, 'Apa yang dimaksud dengan PDRB dan bagaimana cara menghitungnya?', 'Dalam laporan ekonomi daerah sering disebut istilah PDRB. Saya ingin memahami apa pengertiannya, apa bedanya dengan PDB nasional, dan bagaimana BPS menghitung angka ini?', NULL, '2026-02-22 21:58:49', '2026-02-22 21:58:49', FALSE),
(5, 6, 'Bagaimana cara mengunduh data mikro dari website BPS?', 'Saya perlu data mikro untuk keperluan analisis statistik lanjutan. Apakah BPS menyediakan data mikro yang bisa diunduh publik? Bagaimana prosedur mendapatkannya dan apa saja formatnya?', NULL, '2026-02-24 21:58:49', '2026-02-24 21:58:49', FALSE),
(6, 7, 'Apa indikator yang digunakan BPS untuk mengukur tingkat kemiskinan?', 'Saya membaca berita tentang penurunan angka kemiskinan di Lampung. Indikator apa saja yang BPS gunakan untuk mengukur kemiskinan? Apakah hanya berdasarkan pendapatan saja atau ada faktor lain?', NULL, '2026-02-26 21:58:49', '2026-02-26 21:58:49', FALSE),
(7, 8, 'Bagaimana cara menginterpretasikan angka inflasi bulanan dari BPS?', 'BPS setiap bulan merilis data inflasi. Saya ingin memahami cara membaca rilis tersebut. Apa itu inflasi month to month, year on year, dan calendar year? Apa bedanya?', NULL, '2026-02-28 21:58:49', '2026-02-28 21:58:49', FALSE),
(8, 9, 'Apakah data BPS bisa digunakan untuk penelitian akademik?', 'Saya mahasiswa yang sedang mengerjakan tugas akhir. Apakah data yang dipublikasikan BPS boleh digunakan untuk penelitian akademik? Bagaimana cara mencantumkan sumbernya dalam daftar pustaka?', NULL, '2026-03-02 21:58:49', '2026-03-02 21:58:49', FALSE),
(9, 10, 'Apa perbedaan antara angka absolut dan relatif dalam laporan statistik?', 'Ketika membaca laporan BPS, kadang data disajikan dalam bentuk angka absolut seperti jumlah jiwa, kadang relatif seperti persentase. Kapan sebaiknya menggunakan masing-masing?', NULL, '2026-03-04 21:58:49', '2026-03-04 21:58:49', FALSE),
(10, 2, 'Bagaimana tren angka pengangguran di Lampung beberapa tahun terakhir?', 'Saya ingin mengetahui tren Tingkat Pengangguran Terbuka (TPT) di Provinsi Lampung dalam 5 tahun terakhir. Ada data yang tersedia dan bagaimana perbandingannya dengan rata-rata nasional?', NULL, '2026-03-06 21:58:49', '2026-03-06 21:58:49', FALSE),
(11, 3, 'Apa itu Indeks Pembangunan Manusia (IPM) dan komponen apa yang mempengaruhinya?', 'Saya sering melihat angka IPM dalam laporan pembangunan daerah. Ingin memahami: apa itu IPM, bagaimana cara menghitungnya, dan apa saja dimensi yang diukur menurut metodologi BPS?', NULL, '2026-03-08 21:58:49', '2026-03-08 21:58:49', FALSE),
(12, 4, 'Bagaimana cara akses data Sakernas (Survei Angkatan Kerja Nasional)?', 'Untuk penelitian ketenagakerjaan, saya membutuhkan data dari Sakernas. Bagaimana cara mengaksesnya? Apakah perlu registrasi khusus? Data tahun berapa saja yang tersedia?', NULL, '2026-03-10 21:58:49', '2026-03-10 21:58:49', FALSE),
(13, 5, 'Apa perbedaan antara data primer dan data sekunder dalam statistik?', 'Dalam metodologi penelitian sering disebut data primer dan sekunder. Dalam konteks statistik BPS, data mana yang termasuk primer dan mana yang sekunder?', NULL, '2026-03-12 21:58:49', '2026-03-12 21:58:49', FALSE),
(14, 6, 'Bagaimana cara membandingkan data statistik antar provinsi di Indonesia?', 'Saya ingin membandingkan berbagai indikator statistik Lampung dengan provinsi lain di Sumatera. Apakah ada platform dari BPS yang memudahkan perbandingan data antar provinsi?', NULL, '2026-03-14 21:58:49', '2026-03-14 21:58:49', FALSE),
(15, 7, 'Apa itu Nilai Tukar Petani (NTP) dan mengapa penting bagi sektor pertanian?', 'Lampung adalah provinsi agraris. Saya ingin memahami indikator NTP yang sering muncul dalam laporan BPS. Apa pengertiannya dan apa artinya bila NTP di bawah 100?', NULL, '2026-03-16 21:58:49', '2026-03-16 21:58:49', FALSE),
-- Data dummy tambahan
(16, 8, 'Bagaimana cara membaca Angka Harapan Hidup dalam laporan BPS?', 'Saya ingin memahami indikator Angka Harapan Hidup (AHH) yang sering muncul dalam laporan IPM. Apa pengertiannya, bagaimana cara BPS menghitungnya, dan bagaimana posisi Lampung dibanding nasional?', NULL, '2026-03-17 08:00:00', '2026-03-17 08:00:00', FALSE),
(17, 9, 'Apa itu Koefisien Gini dan bagaimana menginterpretasikannya?', 'Dalam laporan ketimpangan sering disebut Koefisien Gini. Saya ingin tahu apa itu Koefisien Gini, bagaimana skala interpretasinya, dan bagaimana kondisi ketimpangan di Lampung?', NULL, '2026-03-18 09:00:00', '2026-03-18 09:00:00', FALSE),
(18, 10, 'Komoditas ekspor unggulan apa saja yang dimiliki Lampung?', 'Sebagai provinsi yang punya banyak produk pertanian, saya ingin tahu komoditas ekspor apa yang menjadi andalan Lampung dan di mana bisa mendapatkan datanya di BPS.', NULL, '2026-03-18 14:00:00', '2026-03-18 14:00:00', FALSE),
(19, 2, 'Bagaimana kondisi rata-rata lama sekolah di Lampung?', 'Saya ingin mengetahui kondisi pendidikan di Lampung dari sisi statistik, khususnya indikator Rata-rata Lama Sekolah (RLS). Bagaimana perbandingannya antar kabupaten dan dengan nasional?', NULL, '2026-03-19 08:00:00', '2026-03-19 08:00:00', FALSE),
(20, 3, 'Di mana bisa mengakses publikasi statistik BPS Lampung secara online?', 'Saya baru di Lampung dan ingin mengakses berbagai publikasi statistik tentang provinsi ini. Apakah ada website resmi yang menyediakan semua data tersebut secara lengkap dan terpadu?', NULL, '2026-03-20 07:00:00', '2026-03-20 07:00:00', FALSE);
INSERT INTO reports (id, user_id, target_type, target_id, isi_laporan, created_at) VALUES
(1, 9, 'post', 5, 'Pertanyaan ini sepertinya duplikat dari post lain.', '2026-02-27 21:58:49'),
(2, 10, 'post', 9, 'Pertanyaan kurang relevan dengan topik statistik BPS.', '2026-03-07 21:58:49'),
-- Data dummy tambahan
(3, 8, 'answer', 5, 'Jawaban ini tidak akurat, data yang disebutkan tidak sesuai dengan publikasi BPS terbaru.', '2026-03-04 10:00:00'),
(4, 7, 'post', 13, 'Pertanyaan ini sudah pernah dijawab di thread sebelumnya.', '2026-03-13 14:00:00');
INSERT INTO votes (id, user_id, target_type, target_id, value) VALUES
(1, 3, 'post', 1, 1),
(2, 4, 'post', 1, 1),
(3, 5, 'post', 1, 1),
(4, 5, 'post', 2, 1),
(5, 6, 'post', 2, 1),
(6, 7, 'post', 3, 1),
(7, 8, 'post', 3, 1),
(8, 9, 'post', 3, 1),
(9, 3, 'post', 4, 1),
(10, 4, 'post', 4, 1),
(11, 4, 'post', 7, 1),
(12, 5, 'post', 7, 1),
(13, 6, 'post', 7, 1),
(14, 7, 'post', 11, 1),
(15, 8, 'post', 11, 1),
(16, 9, 'post', 15, 1),
(17, 10, 'post', 15, 1),
-- answer 2 (id terkecil yang ada, menggantikan answer 1 yang tidak exist)
(18, 3, 'answer', 2, 1),
(19, 4, 'answer', 2, 1),
(20, 5, 'answer', 2, 1),
(21, 2, 'answer', 3, 1),
(22, 6, 'answer', 3, 1),
-- answer 5 (menggantikan answer 4 yang tidak exist)
(23, 7, 'answer', 5, 1),
(24, 8, 'answer', 5, 1),
(25, 2, 'answer', 6, 1),
(26, 3, 'answer', 6, 1),
(27, 9, 'answer', 6, 1),
(28, 4, 'answer', 8, 1),
(29, 5, 'answer', 8, 1),
-- answer 9 (menggantikan answer 10 yang tidak exist)
(30, 10, 'answer', 9, 1),
(31, 2, 'answer', 9, 1),
-- Data dummy tambahan
(32, 6, 'post', 6, 1),
(33, 7, 'post', 6, 1),
(34, 8, 'post', 8, 1),
(35, 9, 'post', 8, 1),
(36, 10, 'post', 8, 1),
(37, 2, 'post', 16, 1),
(38, 5, 'post', 16, 1),
(39, 3, 'post', 17, 1),
(40, 6, 'post', 17, 1),
(41, 4, 'post', 18, 1),
(42, 7, 'post', 19, 1),
(43, 8, 'post', 20, 1),
(44, 9, 'post', 20, 1),
(45, 2, 'answer', 13, 1),
(46, 4, 'answer', 13, 1),
(47, 5, 'answer', 14, 1),
(48, 6, 'answer', 14, 1),
(49, 3, 'answer', 16, 1),
(50, 7, 'answer', 16, 1),
(51, 8, 'answer', 17, 1),
(52, 9, 'answer', 18, 1),
(53, 10, 'answer', 19, 1),
(54, 2, 'answer', 20, 1),
(55, 4, 'answer', 21, 1),
(56, 5, 'answer', 22, 1),
(57, 3, 'answer', 23, 1),
(58, 6, 'answer', 24, 1);
INSERT INTO answers (id, post_id, user_id, content, created_at, updated_at) VALUES
(2, 1, 3, 'Tambahan: untuk data penduduk per kabupaten, cari di menu Kependudukan lalu pilih Jumlah Penduduk. Datanya berformat tabel silang dengan kabupaten di baris dan jenis kelamin di kolom.', '2026-02-17 21:58:49', '2026-02-17 21:58:49'),
(3, 2, 2, 'Perbedaan utamanya:\n\nSensus Penduduk dilakukan setiap 10 tahun sekali (2000, 2010, 2020), mencakup SELURUH penduduk Indonesia.\n\nSUPAS dilakukan di antara dua sensus menggunakan metode sampel, tujuannya mengupdate proyeksi penduduk antar sensus.\n\nJadi SUPAS adalah jembatan data antara dua sensus.', '2026-02-18 21:58:49', '2026-02-18 21:58:49'),
(5, 3, 4, 'Untuk skripsi, gunakan publikasi resmi Lampung Dalam Angka yang diterbitkan BPS setiap tahun. Data penduduk sudah dirinci per kabupaten lengkap dengan jenis kelamin dan kelompok umur.', '2026-02-22 21:58:49', '2026-02-22 21:58:49'),
(6, 4, 2, 'PDRB adalah nilai total barang dan jasa yang dihasilkan suatu daerah dalam satu tahun.\n\nAda 3 pendekatan menghitung PDRB:\n1. Pendekatan Produksi: menjumlahkan nilai tambah semua sektor\n2. Pendekatan Pengeluaran: C + I + G + (X - M)\n3. Pendekatan Pendapatan: menjumlahkan pendapatan faktor produksi', '2026-02-23 21:58:49', '2026-02-23 21:58:49'),
(8, 6, 5, 'BPS mengukur kemiskinan menggunakan Garis Kemiskinan. Seseorang dianggap miskin jika pengeluaran per kapita per bulan di bawah batas tersebut.\n\nGaris Kemiskinan terdiri dari:\n1. Garis Kemiskinan Makanan: kebutuhan 2.100 kkal per hari\n2. Garis Kemiskinan Non-Makanan: perumahan, pendidikan, kesehatan', '2026-02-27 21:58:49', '2026-02-27 21:58:49'),
(9, 7, 3, 'Inflasi BPS disajikan dalam 3 format:\n1. Month-to-Month (m-to-m): perubahan vs bulan lalu\n2. Year-on-Year (y-on-y): perubahan vs bulan yang sama tahun lalu (paling sering dikutip media)\n3. Calendar Year: kumulatif sejak Januari', '2026-03-01 21:58:49', '2026-03-01 21:58:49'),
(11, 9, 6, 'Angka absolut adalah nilai mentah contohnya 500.000 jiwa miskin. Angka relatif adalah perbandingan terhadap total contohnya 12,5 persen.\n\nGunakan absolut untuk mengetahui skala masalah. Gunakan relatif untuk membandingkan antar wilayah berbeda ukuran populasi.', '2026-03-05 21:58:49', '2026-03-05 21:58:49'),
(12, 10, 7, 'TPT Lampung beberapa tahun terakhir:\n- 2020: 4,67 persen (naik akibat pandemi)\n- 2021: 4,69 persen\n- 2022: 4,52 persen\n- 2023: 4,23 persen\n\nRata-rata TPT nasional sekitar 5,3 persen, jadi Lampung masih di bawah rata-rata nasional.', '2026-03-07 21:58:49', '2026-03-07 21:58:49'),
(13, 11, 2, 'IPM mengukur pembangunan manusia dari 3 dimensi:\n1. Umur Harapan Hidup\n2. Harapan Lama Sekolah dan Rata-rata Lama Sekolah\n3. Pengeluaran per Kapita\n\nNilai IPM antara 0-100. IPM Lampung 2023 sekitar 72 (kategori Tinggi). Nasional sekitar 74.', '2026-03-09 21:58:49', '2026-03-09 21:58:49'),
(14, 12, 8, 'Untuk akses data Sakernas:\n1. Kunjungi https://mikrodata.bps.go.id\n2. Daftar akun\n3. Cari Sakernas, pilih tahun\n4. Klik Ajukan Akses dan isi formulir\n\nProses approval 1-3 hari kerja. Format: SAV (SPSS) dan CSV.', '2026-03-11 21:58:49', '2026-03-11 21:58:49'),
(15, 14, 9, 'BPS punya fitur Tabel Dinamis di bps.go.id:\n1. Pilih menu Data, lalu Tabel Dinamis\n2. Pilih variabel yang ingin dibandingkan\n3. Centang beberapa provinsi sekaligus\n4. Export ke Excel\n\nBisa juga gunakan Satu Data Indonesia di data.go.id.', '2026-03-15 21:58:49', '2026-03-15 21:58:49'),
(16, 15, 4, 'NTP = (Indeks Harga Diterima Petani / Indeks Harga Dibayar Petani) x 100\n\nInterpretasi:\n- NTP > 100: petani surplus, daya beli meningkat\n- NTP = 100: impas\n- NTP < 100: petani defisit, biaya lebih tinggi dari pendapatan\n\nNTP Lampung biasanya 100-110, artinya petani masih surplus.', '2026-03-17 15:58:49', '2026-03-17 15:58:49'),
-- Data dummy tambahan
(17, 8, 11, 'Tentu boleh! Data BPS bersifat terbuka untuk publik. Cara sitasi yang umum digunakan:\n\nBPS [Provinsi/Kabupaten]. (Tahun). Judul Publikasi. Badan Pusat Statistik.\n\nContoh: BPS Provinsi Lampung. (2024). Lampung Dalam Angka 2024. Badan Pusat Statistik Provinsi Lampung.\n\nSelalu cantumkan URL dan tanggal akses jika diunduh dari website.', '2026-03-03 08:30:00', '2026-03-03 08:30:00'),
(18, 13, 11, 'Dalam konteks BPS:\n\nData Primer: Data yang dikumpulkan langsung oleh BPS melalui survei dan sensus (Sensus Penduduk, Sakernas, Susenas, dll).\n\nData Sekunder: Data yang bersumber dari instansi lain seperti Kementerian, Dinas, atau lembaga internasional, kemudian dihimpun oleh BPS dalam publikasinya.\n\nSebagian besar publikasi BPS merupakan kombinasi keduanya.', '2026-03-13 09:15:00', '2026-03-13 09:15:00'),
(19, 5, 6, 'Selain mikrodata.bps.go.id, BPS juga menyediakan data agregat yang bisa langsung diunduh di bps.go.id tanpa registrasi khusus. Untuk data mikro memang perlu mengajukan permohonan terlebih dahulu dan menyebutkan tujuan penggunaan data.', '2026-02-25 10:00:00', '2026-02-25 10:00:00'),
(20, 16, 5, 'Angka Harapan Hidup (AHH) adalah rata-rata tahun yang diharapkan dapat dijalani bayi yang baru lahir jika pola kematian saat ini tetap berlaku.\n\nBPS menghitung AHH menggunakan data kematian dari Sensus Penduduk dan Survei Penduduk Antar Sensus (SUPAS).\n\nAHH Lampung tahun 2023 sekitar 70,5 tahun, sedikit di bawah rata-rata nasional 73,8 tahun.', '2026-03-18 11:00:00', '2026-03-18 11:00:00'),
(21, 17, 8, 'Koefisien Gini mengukur ketimpangan distribusi pendapatan dengan skala 0 sampai 1.\n- Gini 0: distribusi sempurna merata\n- Gini 1: ketimpangan total (satu orang menguasai semua pendapatan)\n\nGini Lampung sekitar 0,32 (2023), relatif lebih rendah dibanding Jawa yang bisa mencapai 0,40. Artinya ketimpangan di Lampung tergolong sedang.', '2026-03-19 14:00:00', '2026-03-19 14:00:00'),
(22, 18, 2, 'BPS merilis data ekspor-impor setiap bulan melalui Berita Resmi Statistik (BRS). Untuk Lampung, komoditas ekspor utama adalah:\n1. CPO (Crude Palm Oil) dan turunannya\n2. Kopi\n3. Lada\n4. Singkong/tapioka\n\nData tersedia di lampung.bps.go.id menu Perdagangan Luar Negeri.', '2026-03-19 16:30:00', '2026-03-19 16:30:00'),
(23, 19, 9, 'Rata-rata lama sekolah (RLS) Lampung sekitar 8,2 tahun (2023), artinya rata-rata penduduk usia 25 tahun ke atas bersekolah hingga kelas 2 SMP.\n\nAngka ini masih di bawah target 9 tahun (tamat SMP). Kabupaten dengan RLS tertinggi adalah Kota Bandar Lampung sekitar 10,5 tahun.', '2026-03-20 09:00:00', '2026-03-20 09:00:00'),
(24, 20, 7, 'Website resmi BPS Lampung bisa diakses di lampung.bps.go.id. Di sana tersedia:\n- Berita Resmi Statistik terbaru\n- Publikasi Lampung Dalam Angka\n- Tabel-tabel data per kabupaten\n- Infografis dan visualisasi data\n\nUntuk data nasional, kunjungi bps.go.id.', '2026-03-20 10:30:00', '2026-03-20 10:30:00');
INSERT INTO chat_messages (id, session_id, role, content, created_at) VALUES
(1, 1, 'user', 'Berapa jumlah penduduk Lampung sekarang?', '2026-02-25 21:58:49'),
(2, 1, 'assistant', 'Berdasarkan Sensus Penduduk 2020, jumlah penduduk Provinsi Lampung adalah 9.007.848 jiwa. Untuk proyeksi terbaru cek di lampung.bps.go.id.', '2026-02-25 21:58:49'),
(3, 1, 'user', 'Kabupaten mana yang paling padat penduduknya?', '2026-02-25 21:58:49'),
(4, 1, 'assistant', 'Kota Bandar Lampung memiliki kepadatan tertinggi sekitar 4.600 jiwa per km2. Untuk jumlah terbanyak secara absolut, Lampung Tengah di posisi pertama.', '2026-02-25 21:58:49'),
(5, 2, 'user', 'Bagaimana cara download data BPS secara gratis?', '2026-03-07 21:58:49'),
(6, 2, 'assistant', 'Kunjungi bps.go.id, pilih menu Publikasi untuk PDF atau Tabel Statistik untuk Excel. Semua publikasi BPS tersedia gratis untuk publik.', '2026-03-07 21:58:49'),
(7, 3, 'user', 'Apa itu inflasi dan bagaimana BPS mengukurnya?', '2026-03-02 21:58:49'),
(8, 3, 'assistant', 'Inflasi adalah kenaikan harga barang dan jasa secara umum. BPS mengukurnya menggunakan Indeks Harga Konsumen dari survei harga di 90 kota setiap bulan.', '2026-03-02 21:58:49'),
(9, 4, 'user', 'Berapa persentase kemiskinan di Lampung?', '2026-03-09 21:58:49'),
(10, 4, 'assistant', 'Tingkat kemiskinan Lampung sekitar 11-12 persen, masih di atas rata-rata nasional 9 persen. BPS mengukurnya berdasarkan Garis Kemiskinan yang mencakup kebutuhan makanan dan non-makanan.', '2026-03-09 21:58:49'),
(11, 5, 'user', 'Sektor apa yang paling besar kontribusinya ke PDRB Lampung?', '2026-03-12 21:58:49'),
(12, 5, 'assistant', 'Kontributor terbesar PDRB Lampung: Pertanian sekitar 30 persen, Industri Pengolahan sekitar 18 persen, dan Perdagangan sekitar 13 persen.', '2026-03-12 21:58:49'),
-- Data dummy tambahan
(13, 6, 'user', 'Apa itu IPM dan bagaimana Lampung dibanding provinsi lain?', '2026-03-14 08:00:00'),
(14, 6, 'assistant', 'IPM atau Indeks Pembangunan Manusia mengukur kualitas hidup dari tiga dimensi: kesehatan, pendidikan, dan standar hidup. IPM Lampung 2023 adalah 72,45, peringkat 22 dari 38 provinsi. Masih di bawah rata-rata nasional 74,39.', '2026-03-14 08:01:00'),
(15, 6, 'user', 'Provinsi mana yang IPM-nya tertinggi?', '2026-03-14 08:02:00'),
(16, 6, 'assistant', 'IPM tertinggi secara konsisten dipegang DKI Jakarta (sekitar 82), diikuti DI Yogyakarta dan Kalimantan Timur. Papua masih berada di posisi terbawah sekitar 62.', '2026-03-14 08:03:00'),
(17, 7, 'user', 'Bagaimana cara memahami data PDRB atas dasar harga konstan?', '2026-03-15 09:00:00'),
(18, 7, 'assistant', 'PDRB atas dasar harga konstan (ADHK) adalah PDRB yang telah dihilangkan pengaruh inflasi, menggunakan tahun dasar 2010. Ini berguna untuk melihat pertumbuhan ekonomi riil tanpa distorsi harga. Kalau PDRB nominal naik tapi ADHK stagnan, berarti kenaikannya hanya karena inflasi.', '2026-03-15 09:01:00'),
(19, 7, 'user', 'Berapa pertumbuhan ekonomi Lampung tahun 2023?', '2026-03-15 09:02:00'),
(20, 7, 'assistant', 'Pertumbuhan ekonomi Lampung tahun 2023 sekitar 4,5 persen, sedikit di bawah nasional yang mencapai 5,05 persen. Sektor pertanian dan industri pengolahan menjadi motor utama pertumbuhan.', '2026-03-15 09:03:00'),
(21, 8, 'user', 'Apa perbedaan data Susenas dan Sakernas?', '2026-03-16 10:00:00'),
(22, 8, 'assistant', 'Susenas (Survei Sosial Ekonomi Nasional) fokus pada konsumsi, pengeluaran, dan kesejahteraan rumah tangga. Sakernas (Survei Angkatan Kerja Nasional) fokus pada ketenagakerjaan seperti status pekerjaan, jenis pekerjaan, dan jam kerja. Keduanya dilaksanakan BPS secara rutin setiap tahun.', '2026-03-16 10:01:00'),
(23, 9, 'user', 'Bagaimana cara melihat data kemiskinan per kecamatan?', '2026-03-17 11:00:00'),
(24, 9, 'assistant', 'Data kemiskinan per kecamatan tersedia melalui program PODES (Potensi Desa) yang dilakukan BPS setiap 3 tahun. Untuk data yang lebih detail, bisa mengajukan akses ke BPS setempat atau melalui program SIKS-NG Kemensos yang terintegrasi dengan data BPS.', '2026-03-17 11:01:00'),
(25, 10, 'user', 'Apa yang dimaksud nilai tukar petani?', '2026-03-18 13:00:00'),
(26, 10, 'assistant', 'Nilai Tukar Petani (NTP) adalah rasio antara indeks harga yang diterima petani dari hasil panen dibanding indeks harga yang dibayar petani untuk kebutuhan produksi dan konsumsi. NTP di atas 100 artinya petani untung, di bawah 100 artinya petani merugi.', '2026-03-18 13:01:00');
INSERT INTO post_tags (post_id, tag_id) VALUES
(1, 1),
(1, 11),
(2, 2),
(2, 3),
(3, 3),
(3, 10),
(4, 4),
(4, 14),
(5, 1),
(5, 11),
(6, 6),
(6, 10),
(7, 4),
(7, 5),
(8, 1),
(8, 13),
(9, 4),
(9, 12),
(10, 10),
(10, 15),
(11, 8),
(11, 12),
(12, 13),
(12, 15),
(13, 1),
(13, 13),
(14, 1),
(14, 10),
(15, 9),
(15, 10),
-- Data dummy tambahan
(16, 8),
(16, 12),
(16, 10),
(17, 4),
(17, 12),
(17, 10),
(18, 9),
(18, 10),
(18, 4),
(19, 7),
(19, 12),
(19, 10),
(20, 1),
(20, 11),
(20, 10);

-- Sync identity sequences with explicit IDs from the dummy dump.
SELECT setval(pg_get_serial_sequence('users', 'id'), COALESCE((SELECT MAX(id) FROM users), 1), true);
SELECT setval(pg_get_serial_sequence('tags', 'id'), COALESCE((SELECT MAX(id) FROM tags), 1), true);
SELECT setval(pg_get_serial_sequence('chat_sessions', 'id'), COALESCE((SELECT MAX(id) FROM chat_sessions), 1), true);
SELECT setval(pg_get_serial_sequence('notifications', 'id'), COALESCE((SELECT MAX(id) FROM notifications), 1), true);
SELECT setval(pg_get_serial_sequence('pdf_files', 'id'), COALESCE((SELECT MAX(id) FROM pdf_files), 1), true);
SELECT setval(pg_get_serial_sequence('posts', 'id'), COALESCE((SELECT MAX(id) FROM posts), 1), true);
SELECT setval(pg_get_serial_sequence('reports', 'id'), COALESCE((SELECT MAX(id) FROM reports), 1), true);
SELECT setval(pg_get_serial_sequence('votes', 'id'), COALESCE((SELECT MAX(id) FROM votes), 1), true);
SELECT setval(pg_get_serial_sequence('answers', 'id'), COALESCE((SELECT MAX(id) FROM answers), 1), true);
SELECT setval(pg_get_serial_sequence('chat_messages', 'id'), COALESCE((SELECT MAX(id) FROM chat_messages), 1), true);

COMMIT;
